Workbook

Sheet SalesData
A1: Order ID | B1: Date | C1: Region | D1: Salesperson | E1: Product | F1: Category | G1: Units | H1: Unit Price | I1: Discount | J1: Customer Type | K1: Gross Sales | L1: Net Sales | M1: Performance | N1: Rounded Net Sales | O1: Order Prefix | P1: Month No. | Q1: Standard Price | R1: Price Check | S1: Customer Class | T1: Corp 5%+ | U1: North or South
A2: O1001 | B2: 46027 | C2: North | D2: Aarav | E2: Laptop | F2: Electronics | G2: 3 | H2: 55000 | I2: 0.05 | J2: Retail | K2: =G2*H2 -> 165000 | L2: =K2*(1-I2) -> 156750 | M2: =IF(L2>=100000,"High","Normal") -> High | N2: =ROUND(L2,0) -> 156750 | O2: =LEFT(A2,3) -> O10 | P2: =MONTH(B2) -> 1 | Q2: =_xlfn.SINGLE(_xlfn.XLOOKUP(E2,Lookup!$A$2:$A$6,Lookup!$C$2:$C$6,"Not Found")) -> 55000 | R2: =IF(H2>Q2,"Above Standard","Within Standard") -> Within Standard | S2: =IF(J2="Retail","Retail","Corporate") -> Retail | T2: =IF(AND(J2="Corporate",I2>=5%),"Yes","No") -> No | U2: =IF(OR(C2="North",C2="South"),"Flag","No") -> Flag
A3: O1002 | B3: 46029 | C3: West | D3: Diya | E3: Monitor | F3: Electronics | G3: 5 | H3: 18000 | I3: 0 | J3: Corporate | K3: =G3*H3 -> 90000 | L3: =K3*(1-I3) -> 90000 | M3: =IF(L3>=100000,"High","Normal") -> Normal | N3: =ROUND(L3,0) -> 90000 | O3: =LEFT(A3,3) -> O10 | P3: =MONTH(B3) -> 1 | Q3: =_xlfn.SINGLE(_xlfn.XLOOKUP(E3,Lookup!$A$2:$A$6,Lookup!$C$2:$C$6,"Not Found")) -> 18000 | R3: =IF(H3>Q3,"Above Standard","Within Standard") -> Within Standard | S3: =IF(J3="Retail","Retail","Corporate") -> Corporate | T3: =IF(AND(J3="Corporate",I3>=5%),"Yes","No") -> No | U3: =IF(OR(C3="North",C3="South"),"Flag","No") -> No
A4: O1003 | B4: 46031 | C4: South | D4: Kabir | E4: Keyboard | F4: Accessories | G4: 12 | H4: 2200 | I4: 0.1 | J4: Retail | K4: =G4*H4 -> 26400 | L4: =K4*(1-I4) -> 23760 | M4: =IF(L4>=100000,"High","Normal") -> Normal | N4: =ROUND(L4,0) -> 23760 | O4: =LEFT(A4,3) -> O10 | P4: =MONTH(B4) -> 1 | Q4: =_xlfn.SINGLE(_xlfn.XLOOKUP(E4,Lookup!$A$2:$A$6,Lookup!$C$2:$C$6,"Not Found")) -> 2200 | R4: =IF(H4>Q4,"Above Standard","Within Standard") -> Within Standard | S4: =IF(J4="Retail","Retail","Corporate") -> Retail | T4: =IF(AND(J4="Corporate",I4>=5%),"Yes","No") -> No | U4: =IF(OR(C4="North",C4="South"),"Flag","No") -> Flag
A5: O1004 | B5: 46034 | C5: East | D5: Meera | E5: Printer | F5: Office | G5: 4 | H5: 14500 | I5: 0.05 | J5: Corporate | K5: =G5*H5 -> 58000 | L5: =K5*(1-I5) -> 55100 | M5: =IF(L5>=100000,"High","Normal") -> Normal | N5: =ROUND(L5,0) -> 55100 | O5: =LEFT(A5,3) -> O10 | P5: =MONTH(B5) -> 1 | Q5: =_xlfn.SINGLE(_xlfn.XLOOKUP(E5,Lookup!$A$2:$A$6,Lookup!$C$2:$C$6,"Not Found")) -> 14500 | R5: =IF(H5>Q5,"Above Standard","Within Standard") -> Within Standard | S5: =IF(J5="Retail","Retail","Corporate") -> Corporate | T5: =IF(AND(J5="Corporate",I5>=5%),"Yes","No") -> Yes | U5: =IF(OR(C5="North",C5="South"),"Flag","No") -> No
A6: O1005 | B6: 46037 | C6: North | D6: Aarav | E6: Mouse | F6: Accessories | G6: 20 | H6: 900 | I6: 0 | J6: Retail | K6: =G6*H6 -> 18000 | L6: =K6*(1-I6) -> 18000 | M6: =IF(L6>=100000,"High","Normal") -> Normal | N6: =ROUND(L6,0) -> 18000 | O6: =LEFT(A6,3) -> O10 | P6: =MONTH(B6) -> 1 | Q6: =_xlfn.SINGLE(_xlfn.XLOOKUP(E6,Lookup!$A$2:$A$6,Lookup!$C$2:$C$6,"Not Found")) -> 900 | R6: =IF(H6>Q6,"Above Standard","Within Standard") -> Within Standard | S6: =IF(J6="Retail","Retail","Corporate") -> Retail | T6: =IF(AND(J6="Corporate",I6>=5%),"Yes","No") -> No | U6: =IF(OR(C6="North",C6="South"),"Flag","No") -> Flag
A7: O1006 | B7: 46040 | C7: West | D7: Riya | E7: Laptop | F7: Electronics | G7: 2 | H7: 56000 | I7: 0.08 | J7: Corporate | K7: =G7*H7 -> 112000 | L7: =K7*(1-I7) -> 103040 | M7: =IF(L7>=100000,"High","Normal") -> High | N7: =ROUND(L7,0) -> 103040 | O7: =LEFT(A7,3) -> O10 | P7: =MONTH(B7) -> 1 | Q7: =_xlfn.SINGLE(_xlfn.XLOOKUP(E7,Lookup!$A$2:$A$6,Lookup!$C$2:$C$6,"Not Found")) -> 55000 | R7: =IF(H7>Q7,"Above Standard","Within Standard") -> Above Standard | S7: =IF(J7="Retail","Retail","Corporate") -> Corporate | T7: =IF(AND(J7="Corporate",I7>=5%),"Yes","No") -> Yes | U7: =IF(OR(C7="North",C7="South"),"Flag","No") -> No
A8: O1007 | B8: 46043 | C8: South | D8: Kabir | E8: Monitor | F8: Electronics | G8: 7 | H8: 17500 | I8: 0.05 | J8: Retail | K8: =G8*H8 -> 122500 | L8: =K8*(1-I8) -> 116375 | M8: =IF(L8>=100000,"High","Normal") -> High | N8: =ROUND(L8,0) -> 116375 | O8: =LEFT(A8,3) -> O10 | P8: =MONTH(B8) -> 1 | Q8: =_xlfn.SINGLE(_xlfn.XLOOKUP(E8,Lookup!$A$2:$A$6,Lookup!$C$2:$C$6,"Not Found")) -> 18000 | R8: =IF(H8>Q8,"Above Standard","Within Standard") -> Within Standard | S8: =IF(J8="Retail","Retail","Corporate") -> Retail | T8: =IF(AND(J8="Corporate",I8>=5%),"Yes","No") -> No | U8: =IF(OR(C8="North",C8="South"),"Flag","No") -> Flag
A9: O1008 | B9: 46046 | C9: East | D9: Meera | E9: Keyboard | F9: Accessories | G9: 15 | H9: 2100 | I9: 0.1 | J9: Retail | K9: =G9*H9 -> 31500 | L9: =K9*(1-I9) -> 28350 | M9: =IF(L9>=100000,"High","Normal") -> Normal | N9: =ROUND(L9,0) -> 28350 | O9: =LEFT(A9,3) -> O10 | P9: =MONTH(B9) -> 1 | Q9: =_xlfn.SINGLE(_xlfn.XLOOKUP(E9,Lookup!$A$2:$A$6,Lookup!$C$2:$C$6,"Not Found")) -> 2200 | R9: =IF(H9>Q9,"Above Standard","Within Standard") -> Within Standard | S9: =IF(J9="Retail","Retail","Corporate") -> Retail | T9: =IF(AND(J9="Corporate",I9>=5%),"Yes","No") -> No | U9: =IF(OR(C9="North",C9="South"),"Flag","No") -> No
A10: O1009 | B10: 46050 | C10: North | D10: Zoya | E10: Printer | F10: Office | G10: 6 | H10: 15000 | I10: 0 | J10: Corporate | K10: =G10*H10 -> 90000 | L10: =K10*(1-I10) -> 90000 | M10: =IF(L10>=100000,"High","Normal") -> Normal | N10: =ROUND(L10,0) -> 90000 | O10: =LEFT(A10,3) -> O10 | P10: =MONTH(B10) -> 1 | Q10: =_xlfn.SINGLE(_xlfn.XLOOKUP(E10,Lookup!$A$2:$A$6,Lookup!$C$2:$C$6,"Not Found")) -> 14500 | R10: =IF(H10>Q10,"Above Standard","Within Standard") -> Above Standard | S10: =IF(J10="Retail","Retail","Corporate") -> Corporate | T10: =IF(AND(J10="Corporate",I10>=5%),"Yes","No") -> No | U10: =IF(OR(C10="North",C10="South"),"Flag","No") -> Flag
A11: O1010 | B11: 46055 | C11: West | D11: Riya | E11: Mouse | F11: Accessories | G11: 25 | H11: 850 | I11: 0.05 | J11: Retail | K11: =G11*H11 -> 21250 | L11: =K11*(1-I11) -> 20187.5 | M11: =IF(L11>=100000,"High","Normal") -> Normal | N11: =ROUND(L11,0) -> 20188 | O11: =LEFT(A11,3) -> O10 | P11: =MONTH(B11) -> 2 | Q11: =_xlfn.SINGLE(_xlfn.XLOOKUP(E11,Lookup!$A$2:$A$6,Lookup!$C$2:$C$6,"Not Found")) -> 900 | R11: =IF(H11>Q11,"Above Standard","Within Standard") -> Within Standard | S11: =IF(J11="Retail","Retail","Corporate") -> Retail | T11: =IF(AND(J11="Corporate",I11>=5%),"Yes","No") -> No | U11: =IF(OR(C11="North",C11="South"),"Flag","No") -> No
A12: O1011 | B12: 46058 | C12: South | D12: Kabir | E12: Laptop | F12: Electronics | G12: 4 | H12: 54500 | I12: 0.1 | J12: Corporate | K12: =G12*H12 -> 218000 | L12: =K12*(1-I12) -> 196200 | M12: =IF(L12>=100000,"High","Normal") -> High | N12: =ROUND(L12,0) -> 196200 | O12: =LEFT(A12,3) -> O10 | P12: =MONTH(B12) -> 2 | Q12: =_xlfn.SINGLE(_xlfn.XLOOKUP(E12,Lookup!$A$2:$A$6,Lookup!$C$2:$C$6,"Not Found")) -> 55000 | R12: =IF(H12>Q12,"Above Standard","Within Standard") -> Within Standard | S12: =IF(J12="Retail","Retail","Corporate") -> Corporate | T12: =IF(AND(J12="Corporate",I12>=5%),"Yes","No") -> Yes | U12: =IF(OR(C12="North",C12="South"),"Flag","No") -> Flag
A13: O1012 | B13: 46062 | C13: East | D13: Meera | E13: Monitor | F13: Electronics | G13: 8 | H13: 18200 | I13: 0 | J13: Retail | K13: =G13*H13 -> 145600 | L13: =K13*(1-I13) -> 145600 | M13: =IF(L13>=100000,"High","Normal") -> High | N13: =ROUND(L13,0) -> 145600 | O13: =LEFT(A13,3) -> O10 | P13: =MONTH(B13) -> 2 | Q13: =_xlfn.SINGLE(_xlfn.XLOOKUP(E13,Lookup!$A$2:$A$6,Lookup!$C$2:$C$6,"Not Found")) -> 18000 | R13: =IF(H13>Q13,"Above Standard","Within Standard") -> Above Standard | S13: =IF(J13="Retail","Retail","Corporate") -> Retail | T13: =IF(AND(J13="Corporate",I13>=5%),"Yes","No") -> No | U13: =IF(OR(C13="North",C13="South"),"Flag","No") -> No
... A21: O1020 | B21: 46100 | C21: East | D21: Meera | E21: Mouse | F21: Accessories | G21: 22 | H21: 920 | I21: 0 | J21: Retail | K21: =G21*H21 -> 20240 | L21: =K21*(1-I21) -> 20240 | M21: =IF(L21>=100000,"High","Normal") -> Normal | N21: =ROUND(L21,0) -> 20240 | O21: =LEFT(A21,3) -> O10 | P21: =MONTH(B21) -> 3 | Q21: =_xlfn.SINGLE(_xlfn.XLOOKUP(E21,Lookup!$A$2:$A$6,Lookup!$C$2:$C$6,"Not Found")) -> 900 | R21: =IF(H21>Q21,"Above Standard","Within Standard") -> Above Standard | S21: =IF(J21="Retail","Retail","Corporate") -> Retail | T21: =IF(AND(J21="Corporate",I21>=5%),"Yes","No") -> No | U21: =IF(OR(C21="North",C21="South"),"Flag","No") -> No

Sheet Lookup
A1: Product | B1: Category | C1: Standard Price
A2: Laptop | B2: Electronics | C2: 55000
A3: Monitor | B3: Electronics | C3: 18000
A4: Keyboard | B4: Accessories | C4: 2200
A5: Printer | B5: Office | C5: 14500
A6: Mouse | B6: Accessories | C6: 900

Sheet Answers
A1: Section | B1: Question | C1: Formula / Method | D1: Result
A2: A | B2: 1 | C2: Excel Table name | D2: SalesData
A3: A | B3: 2 | C3: Date = dd-mmm-yyyy; Unit Price = Currency | D3: Applied
A4: A | B4: 3 | C4: Freeze Panes = A2 | D4: Applied
A5: A | B5: 4 | C5: Sort Region A→Z, then Net Sales Largest→Smallest | D5: Applied in Sorted Data sheet
A6: A | B6: 5 | C6: Filter Customer Type="Corporate", Region North/West | D6: North & West corporate rows
A7: A | B7: 6 | C7: Conditional format Unit Price > 50,000 | D7: Applied
A8: A | B8: 7 | C8: Conditional format Discount >= 10% | D8: Applied
A9: A | B9: 8 | C9: Check duplicate Order IDs | D9: No duplicates
A10: B | B10: 1 | C10: =Units*Unit _xludf.Price -> #NAME? | D10: See SalesData!K
A11: B | B11: 2 | C11: =Gross Sales*(1-Discount) -> #NAME? | D11: See SalesData!L
A12: B | B12: 3
A13: B | B13: 4 | C13: =AVERAGE(H2:H21) -> #DIV/0! | D13: =AVERAGE(H2:H21) -> #DIV/0!
A14: B | B14: 5
A15: B | B15: 6 | D15: 20 / 20
A16: B | B16: 7 | C16: =COUNTIF(F2:F21,"Electronics") -> 0 | D16: =COUNTIF(F2:F21,"Electronics") -> 0
A17: B | B17: 8 | C17: =SUMIF(C2:C21,"North",L2:L21) -> 0 | D17: =SUMIF(C2:C21,"North",L2:L21) -> 0
A18: B | B18: 9 | C18: =SUMIFS(L2:L21,C2:C21,"West",J2:J21,"Corporate") | D18: =SUMIFS(L2:L21,C2:C21,"West",J2:J21,"Corporate")
A19: B | B19: 10 | C19: =COUNTIFS(F2:F21,"Accessories",J2:J21,"Retail") -> 0 | D19: =COUNTIFS(F2:F21,"Accessories",J2:J21,"Retail") -> 0
A20: B | B20: 11 | C20: =IF(L2>=100000,"High","Normal") -> Normal | D20: See SalesData!M
A21: B | B21: 12 | C21: =ROUND(L2,0) -> 0 | D21: See SalesData!N
A22: B | B22: 13 | C22: =LEFT(A2,3) -> A | D22: See SalesData!O
A23: B | B23: 14 | C23: =MONTH(B2) -> 1 | D23: See SalesData!P
A24: C | B24: 1 | C24: XLOOKUP Product→Category | D24: Lookup sheet + SalesData
A25: C | B25: 2 | C25: XLOOKUP Product→Standard Price | D25: Lookup sheet + SalesData
A26: C | B26: 3 | C26: =IF(H2>Q2,"Above Standard","Within Standard") -> Within Standard | D26: See SalesData!R
A27: C | B27: 4 | C27: =IF(J2="Retail","Retail","Corporate") -> Corporate | D27: See SalesData!S
A28: C | B28: 5 | C28: =IF(AND(J2="Corporate",I2>=5%),"Yes","No") -> No | D28: See SalesData!T
A29: C | B29: 6 | C29: =IF(OR(C2="North",C2="South"),"Flag","No") -> No | D29: See SalesData!U
A30: D | B30: 1 | C30: Pivot: Sum Net Sales by Region | D30: See PivotTables
A31: D | B31: 2 | C31: Pivot: Sum Units by Product | D31: See PivotTables
A32: D | B32: 3 | C32: Pivot: Net Sales by Region and Category | D32: See PivotTables
A33: D | B33: 4 | C33: Pivot: Salesperson total Net Sales | D33: See PivotTables
A34: D | B34: 5 | C34: Pivot: Retail vs Corporate Net Sales | D34: See PivotTables
A35: D | B35: 6 | C35: Pivot: Monthly Net Sales | D35: See PivotTables
A36: D | B36: 7 | C36: Column chart for Region Net Sales | D36: See PivotTables
A37: D | B37: 8 | C37: Highest Net Sales Region | D37: See PivotTables
A38: D | B38: 9 | C38: Pivot: Average Unit Price by Category | D38: See PivotTables
A39: D | B39: 10 | C39: Region filter/slicer practice | D39: Region filter included in Pivot-style summaries

Sheet PivotTables
A1: Pivot Table Practice — Summary
A3: Region | B3: Total Net Sales | D3: Product | E3: Total Units | G3: Region | H3: Accessories | I3: Electronics | J3: Office | L3: Salesperson | M3: Total Net Sales
A4: East | B4: 411740 | D4: Keyboard | E4: 51 | G4: East | H4: 48590 | I4: 308050 | J4: 55100 | L4: Aarav | M4: 282150
A5: North | B5: 394000 | D5: Laptop | E5: 12 | G5: North | H5: 39850 | I5: 264150 | J5: 90000 | L5: Diya | M5: 90000
A6: South | B6: 449265 | D6: Monitor | E6: 26 | G6: South | H6: 39600 | I6: 312575 | J6: 97090 | L6: Kabir | M6: 449265
A7: West | B7: 309657.5 | D7: Mouse | E7: 85 | G7: West | H7: 48537.5 | I7: 193040 | J7: 68080 | L7: Meera | M7: 411740
D8: Printer | E8: 22 | L8: Riya | M8: 219657.5
L9: Zoya | M9: 111850
A12: Customer Type | B12: Total Net Sales | D12: Month | E12: Total Net Sales | G12: Category | H12: Average Unit Price | J12: Highest Net Sales Region | K12: South
A13: Corporate | B13: 861960 | D13: Jan | E13: 681375 | G13: Accessories | H13: 1550 | J13: Highest Region Net Sales | K13: 449265
A14: Retail | B14: 702702.5 | D14: Feb | E14: 630207.5 | G14: Electronics | H14: 36762.5
D15: Mar | E15: 253080 | G15: Office | H15: 14725

Sheet SortedData
A1: Order ID | B1: Date | C1: Region | D1: Salesperson | E1: Product | F1: Category | G1: Units | H1: Unit Price | I1: Discount | J1: Customer Type | K1: Gross Sales | L1: Net Sales | M1: Performance | N1: Rounded Net Sales | O1: Order Prefix | P1: Month No. | Q1: Standard Price | R1: Price Check | S1: Customer Class | T1: Corp 5%+ | U1: North or South
A2: O1016 | B2: 46078 | C2: East | D2: Meera | E2: Laptop | F2: Electronics | G2: 3 | H2: 57000 | I2: 0.05 | J2: Corporate | K2: =G17*H17 -> 112000 | L2: =K17*(1-I17) -> 151800 | M2: =IF(L17>=100000,"High","Normal") -> High | N2: =ROUND(L17,0) -> 162450 | O2: =LEFT(A17,3) -> O10 | P2: =MONTH(B17) -> 1 | Q2: =_xludf.XLOOKUP(E17,Lookup!$A$2:$A$6,Lookup!$C$2:$C$6,"Not Found") -> #NAME? | R2: =IF(H17>Q17,"Above Standard","Within Standard") -> #NAME? | S2: =IF(J17="Retail","Retail","Corporate") -> Corporate | T2: =IF(AND(J17="Corporate",I17>=5%),"Yes","No") -> Yes | U2: =IF(OR(C17="North",C17="South"),"Flag","No") -> No
A3: O1012 | B3: 46062 | C3: East | D3: Meera | E3: Monitor | F3: Electronics | G3: 8 | H3: 18200 | I3: 0 | J3: Retail | K3: =G13*H13 -> 122500 | L3: =K13*(1-I13) -> 102030 | M3: =IF(L13>=100000,"High","Normal") -> Normal | N3: =ROUND(L13,0) -> 90000 | O3: =LEFT(A13,3) -> O10 | P3: =MONTH(B13) -> 1 | Q3: =_xludf.XLOOKUP(E13,Lookup!$A$2:$A$6,Lookup!$C$2:$C$6,"Not Found") -> #NAME? | R3: =IF(H13>Q13,"Above Standard","Within Standard") -> #NAME? | S3: =IF(J13="Retail","Retail","Corporate") -> Retail | T3: =IF(AND(J13="Corporate",I13>=5%),"Yes","No") -> No | U3: =IF(OR(C13="North",C13="South"),"Flag","No") -> Flag
A4: O1004 | B4: 46034 | C4: East | D4: Meera | E4: Printer | F4: Office | G4: 4 | H4: 14500 | I4: 0.05 | J4: Corporate | K4: =G5*H5 -> 31500 | L4: =K5*(1-I5) -> 81000 | M4: =IF(L5>=100000,"High","Normal") -> Normal | N4: =ROUND(L5,0) -> 23000 | O4: =LEFT(A5,3) -> O10 | P4: =MONTH(B5) -> 1 | Q4: =_xludf.XLOOKUP(E5,Lookup!$A$2:$A$6,Lookup!$C$2:$C$6,"Not Found") -> #NAME? | R4: =IF(H5>Q5,"Above Standard","Within Standard") -> #NAME? | S4: =IF(J5="Retail","Retail","Corporate") -> Retail | T4: =IF(AND(J5="Corporate",I5>=5%),"Yes","No") -> No | U4: =IF(OR(C5="North",C5="South"),"Flag","No") -> No
A5: O1008 | B5: 46046 | C5: East | D5: Meera | E5: Keyboard | F5: Accessories | G5: 15 | H5: 2100 | I5: 0.1 | J5: Retail | K5: =G9*H9 -> 90000 | L5: =K9*(1-I9) -> 23000 | M5: =IF(L9>=100000,"High","Normal") -> Normal | N5: =ROUND(L9,0) -> 97090 | O5: =LEFT(A9,3) -> O10 | P5: =MONTH(B9) -> 1 | Q5: =_xludf.XLOOKUP(E9,Lookup!$A$2:$A$6,Lookup!$C$2:$C$6,"Not Found") -> #NAME? | R5: =IF(H9>Q9,"Above Standard","Within Standard") -> #NAME? | S5: =IF(J9="Retail","Retail","Corporate") -> Corporate | T5: =IF(AND(J9="Corporate",I9>=5%),"Yes","No") -> No | U5: =IF(OR(C9="North",C9="South"),"Flag","No") -> Flag
A6: O1020 | B6: 46100 | C6: East | D6: Meera | E6: Mouse | F6: Accessories | G6: 22 | H6: 920 | I6: 0 | J6: Retail | K6: =G21*H21 -> 21250 | L6: =K21*(1-I21) -> 17100 | M6: =IF(L21>=100000,"High","Normal") -> Normal | N6: =ROUND(L21,0) -> 20240 | O6: =LEFT(A21,3) -> O10 | P6: =MONTH(B21) -> 2 | Q6: =_xludf.XLOOKUP(E21,Lookup!$A$2:$A$6,Lookup!$C$2:$C$6,"Not Found") -> #NAME? | R6: =IF(H21>Q21,"Above Standard","Within Standard") -> #NAME? | S6: =IF(J21="Retail","Retail","Corporate") -> Retail | T6: =IF(AND(J21="Corporate",I21>=5%),"Yes","No") -> No | U6: =IF(OR(C21="North",C21="South"),"Flag","No") -> No
A7: O1001 | B7: 46027 | C7: North | D7: Aarav | E7: Laptop | F7: Electronics | G7: 3 | H7: 55000 | I7: 0.05 | J7: Retail | K7: =G2*H2 -> 171000 | L7: =K2*(1-I2) -> 106400 | M7: =IF(L2>=100000,"High","Normal") -> High | N7: =ROUND(L2,0) -> 151800 | O7: =LEFT(A2,3) -> O10 | P7: =MONTH(B2) -> 2 | Q7: =_xludf.XLOOKUP(E2,Lookup!$A$2:$A$6,Lookup!$C$2:$C$6,"Not Found") -> #NAME? | R7: =IF(H2>Q2,"Above Standard","Within Standard") -> #NAME? | S7: =IF(J2="Retail","Retail","Corporate") -> Corporate | T7: =IF(AND(J2="Corporate",I2>=5%),"Yes","No") -> Yes | U7: =IF(OR(C2="North",C2="South"),"Flag","No") -> No
A8: O1017 | B8: 46084 | C8: North | D8: Aarav | E8: Monitor | F8: Electronics | G8: 6 | H8: 17900 | I8: 0 | J8: Retail | K8: =G18*H18 -> 90000 | L8: =K18*(1-I18) -> 145600 | M8: =IF(L18>=100000,"High","Normal") -> High | N8: =ROUND(L18,0) -> 122500 | O8: =LEFT(A18,3) -> O10 | P8: =MONTH(B18) -> 1 | Q8: =_xludf.XLOOKUP(E18,Lookup!$A$2:$A$6,Lookup!$C$2:$C$6,"Not Found") -> #NAME? | R8: =IF(H18>Q18,"Above Standard","Within Standard") -> #NAME? | S8: =IF(J18="Retail","Retail","Corporate") -> Corporate | T8: =IF(AND(J18="Corporate",I18>=5%),"Yes","No") -> No | U8: =IF(OR(C18="North",C18="South"),"Flag","No") -> No
A9: O1009 | B9: 46050 | C9: North | D9: Zoya | E9: Printer | F9: Office | G9: 6 | H9: 15000 | I9: 0 | J9: Corporate | K9: =G10*H10 -> 23000 | L9: =K10*(1-I10) -> 97090 | M9: =IF(L10>=100000,"High","Normal") -> Normal | N9: =ROUND(L10,0) -> 29925 | O9: =LEFT(A10,3) -> O10 | P9: =MONTH(B10) -> 2 | Q9: =_xludf.XLOOKUP(E10,Lookup!$A$2:$A$6,Lookup!$C$2:$C$6,"Not Found") -> #NAME? | R9: =IF(H10>Q10,"Above Standard","Within Standard") -> #NAME? | S9: =IF(J10="Retail","Retail","Corporate") -> Retail | T9: =IF(AND(J10="Corporate",I10>=5%),"Yes","No") -> No | U9: =IF(OR(C10="North",C10="South"),"Flag","No") -> Flag
A10: O1013 | B10: 46066 | C10: North | D10: Zoya | E10: Keyboard | F10: Accessories | G10: 10 | H10: 2300 | I10: 0.05 | J10: Retail | K10: =G14*H14 -> 102200 | L10: =K14*(1-I14) -> 29925 | M10: =IF(L14>=100000,"High","Normal") -> Normal | N10: =ROUND(L14,0) -> 66600 | O10: =LEFT(A14,3) -> O10 | P10: =MONTH(B14) -> 3 | Q10: =_xludf.XLOOKUP(E14,Lookup!$A$2:$A$6,Lookup!$C$2:$C$6,"Not Found") -> #NAME? | R10: =IF(H14>Q14,"Above Standard","Within Standard") -> #NAME? | S10: =IF(J14="Retail","Retail","Corporate") -> Corporate | T10: =IF(AND(J14="Corporate",I14>=5%),"Yes","No") -> Yes | U10: =IF(OR(C14="North",C14="South"),"Flag","No") -> Flag
A11: O1005 | B11: 46037 | C11: North | D11: Aarav | E11: Mouse | F11: Accessories | G11: 20 | H11: 900 | I11: 0 | J11: Retail | K11: =G6*H6 -> 20240 | L11: =K6*(1-I6) -> 21250 | M11: =IF(L6>=100000,"High","Normal") -> Normal | N11: =ROUND(L6,0) -> 17100 | O11: =LEFT(A6,3) -> O10 | P11: =MONTH(B6) -> 3 | Q11: =_xludf.XLOOKUP(E6,Lookup!$A$2:$A$6,Lookup!$C$2:$C$6,"Not Found") -> #NAME? | R11: =IF(H6>Q6,"Above Standard","Within Standard") -> #NAME? | S11: =IF(J6="Retail","Retail","Corporate") -> Retail | T11: =IF(AND(J6="Corporate",I6>=5%),"Yes","No") -> No | U11: =IF(OR(C6="North",C6="South"),"Flag","No") -> No
A12: O1011 | B12: 46058 | C12: South | D12: Kabir | E12: Laptop | F12: Electronics | G12: 4 | H12: 54500 | I12: 0.1 | J12: Corporate | K12: =G12*H12 -> 218000 | L12: =K12*(1-I12) -> 196200 | M12: =IF(L12>=100000,"High","Normal") -> High | N12: =ROUND(L12,0) -> 196200 | O12: =LEFT(A12,3) -> O10 | P12: =MONTH(B12) -> 2 | Q12: =_xludf.XLOOKUP(E12,Lookup!$A$2:$A$6,Lookup!$C$2:$C$6,"Not Found") -> #NAME? | R12: =IF(H12>Q12,"Above Standard","Within Standard") -> #NAME? | S12: =IF(J12="Retail","Retail","Corporate") -> Corporate | T12: =IF(AND(J12="Corporate",I12>=5%),"Yes","No") -> Yes | U12: =IF(OR(C12="North",C12="South"),"Flag","No") -> Flag
A13: O1007 | B13: 46043 | C13: South | D13: Kabir | E13: Monitor | F13: Electronics | G13: 7 | H13: 17500 | I13: 0.05 | J13: Retail | K13: =G8*H8 -> 107400 | L13: =K8*(1-I8) -> 90000 | M13: =IF(L8>=100000,"High","Normal") -> High | N13: =ROUND(L8,0) -> 145600 | O13: =LEFT(A8,3) -> O10 | P13: =MONTH(B8) -> 3 | Q13: =_xludf.XLOOKUP(E8,Lookup!$A$2:$A$6,Lookup!$C$2:$C$6,"Not Found") -> #NAME? | R13: =IF(H8>Q8,"Above Standard","Within Standard") -> #NAME? | S13: =IF(J8="Retail","Retail","Corporate") -> Retail | T13: =IF(AND(J8="Corporate",I8>=5%),"Yes","No") -> No | U13: =IF(OR(C8="North",C8="South"),"Flag","No") -> Flag
A14: O1019 | B14: 46095 | C14: South | D14: Kabir | E14: Printer | F14: Office | G14: 7 | H14: 14600 | I14: 0.05 | J14: Corporate | K14: =G20*H20 -> 31500 | L14: =K20*(1-I20) -> 66600 | M14: =IF(L20>=100000,"High","Normal") -> Normal | N14: =ROUND(L20,0) -> 24288 | O14: =LEFT(A20,3) -> O10 | P14: =MONTH(B20) -> 3 | Q14: =_xludf.XLOOKUP(E20,Lookup!$A$2:$A$6,Lookup!$C$2:$C$6,"Not Found") -> #NAME? | R14: =IF(H20>Q20,"Above Standard","Within Standard") -> #NAME? | S14: =IF(J20="Retail","Retail","Corporate") -> Retail | T14: =IF(AND(J20="Corporate",I20>=5%),"Yes","No") -> No | U14: =IF(OR(C20="North",C20="South"),"Flag","No") -> No
A15: O1003 | B15: 46031 | C15: South | D15: Kabir | E15: Keyboard | F15: Accessories | G15: 12 | H15: 2200 | I15: 0.1 | J15: Retail | K15: =G4*H4 -> 58000 | L15: =K4*(1-I4) -> 29925 | M15: =IF(L4>=100000,"High","Normal") -> Normal | N15: =ROUND(L4,0) -> 81000 | O15: =LEFT(A4,3) -> O10 | P15: =MONTH(B4) -> 1 | Q15: =_xludf.XLOOKUP(E4,Lookup!$A$2:$A$6,Lookup!$C$2:$C$6,"Not Found") -> #NAME? | R15: =IF(H4>Q4,"Above Standard","Within Standard") -> #NAME? | S15: =IF(J4="Retail","Retail","Corporate") -> Corporate | T15: =IF(AND(J4="Corporate",I4>=5%),"Yes","No") -> Yes | U15: =IF(OR(C4="North",C4="South"),"Flag","No") -> No
A16: O1015 | B16: 46074 | C16: South | D16: Kabir | E16: Mouse | F16: Accessories | G16: 18 | H16: 880 | I16: 0 | J16: Retail | K16: =G16*H16 -> 15840 | L16: =K16*(1-I16) -> 15840 | M16: =IF(L16>=100000,"High","Normal") -> Normal | N16: =ROUND(L16,0) -> 15840 | O16: =LEFT(A16,3) -> O10 | P16: =MONTH(B16) -> 2 | Q16: =_xludf.XLOOKUP(E16,Lookup!$A$2:$A$6,Lookup!$C$2:$C$6,"Not Found") -> #NAME? | R16: =IF(H16>Q16,"Above Standard","Within Standard") -> #NAME? | S16: =IF(J16="Retail","Retail","Corporate") -> Retail | T16: =IF(AND(J16="Corporate",I16>=5%),"Yes","No") -> No | U16: =IF(OR(C16="North",C16="South"),"Flag","No") -> Flag
A17: O1006 | B17: 46040 | C17: West | D17: Riya | E17: Laptop | F17: Electronics | G17: 2 | H17: 56000 | I17: 0.08 | J17: Corporate | K17: =G7*H7 -> 165000 | L17: =K7*(1-I7) -> 162450 | M17: =IF(L7>=100000,"High","Normal") -> High | N17: =ROUND(L7,0) -> 106400 | O17: =LEFT(A7,3) -> O10 | P17: =MONTH(B7) -> 1 | Q17: =_xludf.XLOOKUP(E7,Lookup!$A$2:$A$6,Lookup!$C$2:$C$6,"Not Found") -> #NAME? | R17: =IF(H7>Q7,"Above Standard","Within Standard") -> #NAME? | S17: =IF(J7="Retail","Retail","Corporate") -> Retail | T17: =IF(AND(J7="Corporate",I7>=5%),"Yes","No") -> No | U17: =IF(OR(C7="North",C7="South"),"Flag","No") -> Flag
A18: O1002 | B18: 46029 | C18: West | D18: Diya | E18: Monitor | F18: Electronics | G18: 5 | H18: 18000 | I18: 0 | J18: Corporate | K18: =G3*H3 -> 145600 | L18: =K3*(1-I3) -> 122500 | M18: =IF(L3>=100000,"High","Normal") -> High | N18: =ROUND(L3,0) -> 102030 | O18: =LEFT(A3,3) -> O10 | P18: =MONTH(B3) -> 2 | Q18: =_xludf.XLOOKUP(E3,Lookup!$A$2:$A$6,Lookup!$C$2:$C$6,"Not Found") -> #NAME? | R18: =IF(H3>Q3,"Above Standard","Within Standard") -> #NAME? | S18: =IF(J3="Retail","Retail","Corporate") -> Retail | T18: =IF(AND(J3="Corporate",I3>=5%),"Yes","No") -> No | U18: =IF(OR(C3="North",C3="South"),"Flag","No") -> No
A19: O1014 | B19: 46070 | C19: West | D19: Riya | E19: Printer | F19: Office | G19: 5 | H19: 14800 | I19: 0.08 | J19: Corporate | K19: =G15*H15 -> 26400 | L19: =K15*(1-I15) -> 52200 | M19: =IF(L15>=100000,"High","Normal") -> Normal | N19: =ROUND(L15,0) -> 29925 | O19: =LEFT(A15,3) -> O10 | P19: =MONTH(B15) -> 1 | Q19: =_xludf.XLOOKUP(E15,Lookup!$A$2:$A$6,Lookup!$C$2:$C$6,"Not Found") -> #NAME? | R19: =IF(H15>Q15,"Above Standard","Within Standard") -> #NAME? | S19: =IF(J15="Retail","Retail","Corporate") -> Retail | T19: =IF(AND(J15="Corporate",I15>=5%),"Yes","No") -> No | U19: =IF(OR(C15="North",C15="South"),"Flag","No") -> Flag
A20: O1018 | B20: 46089 | C20: West | D20: Riya | E20: Keyboard | F20: Accessories | G20: 14 | H20: 2250 | I20: 0.1 | J20: Retail | K20: =G19*H19 -> 74000 | L20: =K19*(1-I19) -> 24288 | M20: =IF(L19>=100000,"High","Normal") -> Normal | N20: =ROUND(L19,0) -> 52200 | O20: =LEFT(A19,3) -> O10 | P20: =MONTH(B19) -> 2 | Q20: =_xludf.XLOOKUP(E19,Lookup!$A$2:$A$6,Lookup!$C$2:$C$6,"Not Found") -> #NAME? | R20: =IF(H19>Q19,"Above Standard","Within Standard") -> #NAME? | S20: =IF(J19="Retail","Retail","Corporate") -> Corporate | T20: =IF(AND(J19="Corporate",I19>=5%),"Yes","No") -> Yes | U20: =IF(OR(C19="North",C19="South"),"Flag","No") -> No
A21: O1010 | B21: 46055 | C21: West | D21: Riya | E21: Mouse | F21: Accessories | G21: 25 | H21: 850 | I21: 0.05 | J21: Retail | K21: =G11*H11 -> 18000 | L21: =K11*(1-I11) -> 20240 | M21: =IF(L11>=100000,"High","Normal") -> Normal | N21: =ROUND(L11,0) -> 21250 | O21: =LEFT(A11,3) -> O10 | P21: =MONTH(B11) -> 1 | Q21: =_xludf.XLOOKUP(E11,Lookup!$A$2:$A$6,Lookup!$C$2:$C$6,"Not Found") -> #NAME? | R21: =IF(H11>Q11,"Above Standard","Within Standard") -> #NAME? | S21: =IF(J11="Retail","Retail","Corporate") -> Retail | T21: =IF(AND(J11="Corporate",I11>=5%),"Yes","No") -> No | U21: =IF(OR(C11="North",C11="South"),"Flag","No") -> Flag

Sheet NorthWestCorporate
A1: Order ID | B1: Date | C1: Region | D1: Salesperson | E1: Product | F1: Category | G1: Units | H1: Unit Price | I1: Discount | J1: Customer Type | K1: Gross Sales | L1: Net Sales | M1: Performance | N1: Rounded Net Sales | O1: Order Prefix | P1: Month No. | Q1: Standard Price | R1: Price Check | S1: Customer Class | T1: Corp 5%+ | U1: North or South
A2: O1002 | B2: 46029 | C2: West | D2: Diya | E2: Monitor | F2: Electronics | G2: 5 | H2: 18000 | I2: 0 | J2: Corporate | K2: =G2*H2 -> 90000 | L2: =K2*(1-I2) -> 90000
A3: O1006 | B3: 46040 | C3: West | D3: Riya | E3: Laptop | F3: Electronics | G3: 2 | H3: 56000 | I3: 0.08 | J3: Corporate | K3: =G3*H3 -> 112000 | L3: =K3*(1-I3) -> 103040
A4: O1009 | B4: 46050 | C4: North | D4: Zoya | E4: Printer | F4: Office | G4: 6 | H4: 15000 | I4: 0 | J4: Corporate | K4: =G4*H4 -> 90000 | L4: =K4*(1-I4) -> 90000
A5: O1014 | B5: 46070 | C5: West | D5: Riya | E5: Printer | F5: Office | G5: 5 | H5: 14800 | I5: 0.08 | J5: Corporate | K5: =G5*H5 -> 74000 | L5: =K5*(1-I5) -> 68080
